{
  "project_info": {
    "project_number": "409739229465",
    "project_id": "prime-web-6dfaf",
    "storage_bucket": "prime-web-6dfaf.appspot.com"
  },
  "client": [
    {
      "client_info": {
        "mobilesdk_app_id": "1:409739229465:android:84329ab3ae6247965f6d88",
        "android_client_info": {
          "package_name": "com.wrteam.prime_web"
        }
      },
      "oauth_client": [
        {
          "client_id": "409739229465-qohn2fben1uci15nfn76haaghvb5b0n2.apps.googleusercontent.com",
          "client_type": 3
        }
      ],
      "api_key": [
        {
          "current_key": "AIzaSyCw44qpTLRaGH5ZFJQVh-W1eqXBAPoeyM8"
        }
      ],
      "services": {
        "appinvite_service": {
          "other_platform_oauth_client": [
            {
              "client_id": "409739229465-qohn2fben1uci15nfn76haaghvb5b0n2.apps.googleusercontent.com",
              "client_type": 3
            },
            {
              "client_id": "409739229465-6norob192dsjqpfm2jd9u3ggv1gfl4rc.apps.googleusercontent.com",
              "client_type": 2,
              "ios_info": {
                "bundle_id": "com.wrteam.webviewprime"
              }
            }
          ]
        }
      }
    },
    {
      "client_info": {
        "mobilesdk_app_id": "1:409739229465:android:67e094fa0675bed35f6d88",
        "android_client_info": {
          "package_name": "com.wrteam.webviewprime"
        }
      },
      "oauth_client": [
        {
          "client_id": "409739229465-qohn2fben1uci15nfn76haaghvb5b0n2.apps.googleusercontent.com",
          "client_type": 3
        }
      ],
      "api_key": [
        {
          "current_key": "AIzaSyCw44qpTLRaGH5ZFJQVh-W1eqXBAPoeyM8"
        }
      ],
      "services": {
        "appinvite_service": {
          "other_platform_oauth_client": [
            {
              "client_id": "409739229465-qohn2fben1uci15nfn76haaghvb5b0n2.apps.googleusercontent.com",
              "client_type": 3
            },
            {
              "client_id": "409739229465-6norob192dsjqpfm2jd9u3ggv1gfl4rc.apps.googleusercontent.com",
              "client_type": 2,
              "ios_info": {
                "bundle_id": "com.wrteam.webviewprime"
              }
            }
          ]
        }
      }
    }
  ],
  "configuration_version": "1"
}